"","text","favorited","favoriteCount","replyToSN","created","truncated","replyToSID","id","replyToUID","statusSource","screenName","retweetCount","isRetweet","retweeted","longitude","latitude"
"1","This post has neither been said, nor written by me. I urge you to verify media circulated on WhatsApp and social pl… https://t.co/bv8UkGZi34",FALSE,157443,NA,2020-04-11 05:48:42,TRUE,NA,"1248850442030907398",NA,"<a href=""http://twitter.com/download/iphone"" rel=""nofollow"">Twitter for iPhone</a>","RNTata2000",35280,FALSE,FALSE,NA,NA
"2","In the spirit of solidarity https://t.co/1Svx5JZ0Vb",FALSE,110339,NA,2020-04-05 15:47:11,FALSE,NA,"1246826726061203457",NA,"<a href=""http://twitter.com/download/iphone"" rel=""nofollow"">Twitter for iPhone</a>","RNTata2000",16901,FALSE,FALSE,NA,NA
"3","The COVID 19 crisis is one of the toughest challenges we will face as a race. The Tata Trusts and the Tata group co… https://t.co/GQ6H6sSFcF",FALSE,213698,NA,2020-03-28 10:48:04,TRUE,NA,"1243852348637605888",NA,"<a href=""http://twitter.com/download/iphone"" rel=""nofollow"">Twitter for iPhone</a>","RNTata2000",61141,FALSE,FALSE,NA,NA
"4","The idea is not to test the limits of our planet and find out how much more damage it can take, but to come togethe… https://t.co/oj0KenwMaJ",FALSE,14414,NA,2020-01-23 10:14:34,TRUE,NA,"1220288709859299329",NA,"<a href=""https://mobile.twitter.com"" rel=""nofollow"">Twitter Web App</a>","RNTata2000",2363,FALSE,FALSE,NA,NA
"5","It makes me so happy that the Government of Odisha was awarded with the World Habitat Award for the Jaga mission wi… https://t.co/ndhk386nKG",FALSE,18571,NA,2019-12-10 10:04:54,TRUE,NA,"1204341209713594368",NA,"<a href=""http://twitter.com/download/iphone"" rel=""nofollow"">Twitter for iPhone</a>","RNTata2000",1691,FALSE,FALSE,NA,NA
"6","A lot has been said about the tragedy of 26/11. The memory of the carnage and loss of life, is still painful. We wo… https://t.co/qwBRbWwPNM",FALSE,52365,NA,2019-11-26 04:40:31,TRUE,NA,"1199186147131449345",NA,"<a href=""http://twitter.com/download/iphone"" rel=""nofollow"">Twitter for iPhone</a>","RNTata2000",7681,FALSE,FALSE,NA,NA
"7","The crowd of people on launch day showed that it wasn’t just about the coffee, but also about relationships. Wishin… https://t.co/RC6MxaSlue",FALSE,11128,NA,2019-11-09 05:27:00,TRUE,NA,"1193037247899033600",NA,"<a href=""http://twitter.com/download/iphone"" rel=""nofollow"">Twitter for iPhone</a>","RNTata2000",603,FALSE,FALSE,NA,NA
"8","I don’t know about breaking the internet, but I am so excited to join all of you on Instagram (ratantata)! After a… https://t.co/XbqATJSOyK",FALSE,55144,NA,2019-10-30 10:47:33,TRUE,NA,"1189494040099614720",NA,"<a href=""http://twitter.com/download/iphone"" rel=""nofollow"">Twitter for iPhone</a>","RNTata2000",4201,FALSE,FALSE,NA,NA
"9","Voting is the most powerful right of every citizen and it is our duty to exercise our vote. Please vote, our future depends on it!",FALSE,29528,NA,2019-03-15 09:31:13,FALSE,NA,"1106488010751643648",NA,"<a href=""http://twitter.com"" rel=""nofollow"">Twitter Web Client</a>","RNTata2000",4923,FALSE,FALSE,NA,NA
"10","We congratulate the PM and the IAF for the successful air strikes on the terrorist training camps which Pakistan ha… https://t.co/fKn4rMVdx9",FALSE,109374,NA,2019-02-26 21:22:34,TRUE,NA,"1100506433945329664",NA,"<a href=""http://twitter.com/download/iphone"" rel=""nofollow"">Twitter for iPhone</a>","RNTata2000",19207,FALSE,FALSE,NA,NA
"11","I’m excited to announce that I’m again judging @thepeninsulahotels' The Peninsula Classics Best of the Best Award,… https://t.co/pLH74U4yRB",FALSE,4476,NA,2019-01-21 12:06:48,TRUE,NA,"1087320605416873985",NA,"<a href=""http://twitter.com"" rel=""nofollow"">Twitter Web Client</a>","RNTata2000",294,FALSE,FALSE,NA,NA
"12","Proud to have been awarded an honorary degree &amp; fellowship from @SwanseaUni in recognition of our partnership work… https://t.co/hEYNh7IZcn",FALSE,8651,NA,2018-09-18 11:17:37,TRUE,NA,"1042009745593257984",NA,"<a href=""http://twitter.com"" rel=""nofollow"">Twitter Web Client</a>","RNTata2000",698,FALSE,FALSE,NA,NA
"13","@narendramodi and #swachhbharat 
https://t.co/uEXxqgCJ98
The Tata Trusts fully support Swachhata Hi Seva. We will d… https://t.co/gFbqeTvmXr",FALSE,3052,"narendramodi",2018-09-14 12:09:10,TRUE,NA,"1040573168421761025","18839785","<a href=""http://twitter.com"" rel=""nofollow"">Twitter Web Client</a>","RNTata2000",643,FALSE,FALSE,NA,NA
"14","All of us who knew Mr. Atal Bihari Vajpayee are saddened to hear of his passing away. He was a great leader with a… https://t.co/nn1tzWOpbR",FALSE,35715,NA,2018-08-16 12:44:46,TRUE,NA,"1030072878643871745",NA,"<a href=""http://twitter.com"" rel=""nofollow"">Twitter Web Client</a>","RNTata2000",6314,FALSE,FALSE,NA,NA
"15","The attached tweet could help fulfill a design to feed 1 billion people. Please see attached. https://t.co/T1VedklvKt",FALSE,6703,NA,2018-06-26 11:54:25,FALSE,NA,"1011578427135045634",NA,"<a href=""http://twitter.com"" rel=""nofollow"">Twitter Web Client</a>","RNTata2000",1568,FALSE,FALSE,NA,NA
"16","@AmitShah @BJP4India @BJP4Maharashtra Pleasure mtng Shri @AmitShah with CM @Dev_Fadnavis &amp; other dignitaries. Impre… https://t.co/asArWEIbHT",FALSE,5101,"AmitShah",2018-06-06 15:18:43,TRUE,"1004342607877681152","1004382082359951366","1447949844","<a href=""http://twitter.com"" rel=""nofollow"">Twitter Web Client</a>","RNTata2000",1269,FALSE,FALSE,NA,NA
"17","Visited Google. Pleasure to meet Larry, Sergey and Sundar again. Excited by new technologies which will have huge impact in years ahead.",FALSE,15856,NA,2018-03-29 03:42:47,FALSE,NA,"979202180228972544",NA,"<a href=""http://twitter.com/download/iphone"" rel=""nofollow"">Twitter for iPhone</a>","RNTata2000",1586,FALSE,FALSE,NA,NA
"18","Always feel nostalgic and inspired when in Jamshedpur... Founder’s Day is always special. https://t.co/cw7KnFROvn",FALSE,14717,NA,2018-03-03 05:52:07,FALSE,NA,"969812643858059264",NA,"<a href=""http://twitter.com"" rel=""nofollow"">Twitter Web Client</a>","RNTata2000",1582,FALSE,FALSE,NA,NA
"19","Celebrating birthdate of founder Jamsetji Tata. His vision of industrial development &amp; giving back wealth to society has stood test of time.",FALSE,12294,NA,2018-03-03 04:44:37,FALSE,NA,"969795660231954433",NA,"<a href=""http://twitter.com"" rel=""nofollow"">Twitter Web Client</a>","RNTata2000",1862,FALSE,FALSE,NA,NA
"20","Delighted to inaugurate Naval Tata Hockey Academy in Jamshedpur. Will help young take to India’s national sport wit… https://t.co/CZZpPHUr2n",FALSE,8702,NA,2018-03-02 15:02:55,TRUE,NA,"969588869392977920",NA,"<a href=""http://twitter.com"" rel=""nofollow"">Twitter Web Client</a>","RNTata2000",948,FALSE,FALSE,NA,NA
"21","Updated link: Global elimination of malnutrition is an attainable goal-invest in nutrition. Join https://t.co/lPwwP4Joge",FALSE,3762,NA,2017-04-23 11:26:22,FALSE,NA,"856106972709478400",NA,"<a href=""http://twitter.com"" rel=""nofollow"">Twitter Web Client</a>","RNTata2000",577,FALSE,FALSE,NA,NA
"22","Global elimination of malnutrition is an attainable goal - invest in nutrition. Join https://t.co/QKEBHnXTRh",FALSE,2804,NA,2017-04-22 15:13:42,FALSE,NA,"855801793736876032",NA,"<a href=""http://twitter.com"" rel=""nofollow"">Twitter Web Client</a>","RNTata2000",440,FALSE,FALSE,NA,NA
"23","I wish to express my appreciation to all those involved in the NCLT, and particularly the high integrity of the jud… https://t.co/8gqoRtMOUf",FALSE,2732,NA,2017-04-22 12:32:05,TRUE,NA,"855761123349372929",NA,"<a href=""http://twitter.com"" rel=""nofollow"">Twitter Web Client</a>","RNTata2000",321,FALSE,FALSE,NA,NA
"24","Delighted to be back in Jamshedpur. Where it all began... https://t.co/2AWhPHQu4s",FALSE,9133,NA,2017-03-03 07:29:02,FALSE,NA,"837565466021400576",NA,"<a href=""http://twitter.com"" rel=""nofollow"">Twitter Web Client</a>","RNTata2000",1221,FALSE,FALSE,NA,NA
"25","Happy to share my letter to my colleagues on this 178th birth anniversary of our Founder Jamsetji Tata https://t.co/NmieKigJ77",FALSE,6733,NA,2017-03-03 03:30:09,FALSE,NA,"837505347808034819",NA,"<a href=""http://twitter.com"" rel=""nofollow"">Twitter Web Client</a>","RNTata2000",1289,FALSE,FALSE,NA,NA
"26","@MaharashtraSEC https://t.co/n0xGhh2sM8",FALSE,343,"MaharashtraSEC",2017-02-20 07:15:07,FALSE,NA,"833575693871091712","811203239215411200","<a href=""http://twitter.com"" rel=""nofollow"">Twitter Web Client</a>","RNTata2000",38,FALSE,FALSE,NA,NA
"27","Local body elections are scheduled on February 16th and 21st in Maharashtra. Let’s pledge to vote for a strong future. #VoteKarMaharashtra",FALSE,5170,NA,2017-02-10 12:23:07,FALSE,NA,"830029327433609217",NA,"<a href=""http://twitter.com"" rel=""nofollow"">Twitter Web Client</a>","RNTata2000",929,FALSE,FALSE,NA,NA
"28","@RNTata2000",FALSE,627,"RNTata2000",2017-01-22 15:15:08,FALSE,"819878308020187136","823187247583338496","277434037","<a href=""http://twitter.com/download/iphone"" rel=""nofollow"">Twitter for iPhone</a>","RNTata2000",81,FALSE,FALSE,NA,NA
"29","Congratulations to Chandra! See link. https://t.co/mJe5TpavYE",FALSE,4631,NA,2017-01-13 12:06:35,FALSE,NA,"819878308020187136",NA,"<a href=""http://twitter.com"" rel=""nofollow"">Twitter Web Client</a>","RNTata2000",824,FALSE,FALSE,NA,NA
"30","The government’s bold implementation of the demonetization programme needs the nation’s support. https://t.co/tx1ZILSor8",FALSE,10476,NA,2016-11-26 07:09:54,FALSE,NA,"802409025103020032",NA,"<a href=""http://twitter.com"" rel=""nofollow"">Twitter Web Client</a>","RNTata2000",4954,FALSE,FALSE,NA,NA
"31","Some further thoughts on implementation of demonetization program. https://t.co/RZdicKvFS7",FALSE,5354,NA,2016-11-24 12:21:41,FALSE,NA,"801762711440740352",NA,"<a href=""http://twitter.com"" rel=""nofollow"">Twitter Web Client</a>","RNTata2000",2382,FALSE,FALSE,NA,NA
"32","Demonetisation of old currency notes by the Modi govt is a bold act that will wipe out black money and corruption. It deserves our support",FALSE,26845,NA,2016-11-22 15:13:02,FALSE,NA,"801081057261010944",NA,"<a href=""http://twitter.com/#!/download/ipad"" rel=""nofollow"">Twitter for iPad</a>","RNTata2000",12088,FALSE,FALSE,NA,NA
"33","Hearty congratulations to India's armed forces and Intel agencies for successful surgical retaliatory action against Pak terrorist camps.",FALSE,26128,NA,2016-09-29 16:55:27,FALSE,NA,"781537889024745472",NA,"<a href=""http://twitter.com/#!/download/ipad"" rel=""nofollow"">Twitter for iPad</a>","RNTata2000",10236,FALSE,FALSE,NA,NA
"34","So proud of Indian govt's firm stand on bycot of SARC mtg &amp; overwhelming support by member nations.",FALSE,19403,NA,2016-09-28 15:28:10,FALSE,NA,"781153536503447552",NA,"<a href=""http://twitter.com/download/iphone"" rel=""nofollow"">Twitter for iPhone</a>","RNTata2000",9997,FALSE,FALSE,NA,NA
"35","Shocked my a/c was hacked yesterday &amp; spurious tweet sent with malicious intent.Tweet deleted, a/c restored. C link. https://t.co/L0HKIy4nHC",FALSE,4076,NA,2016-09-10 12:19:21,FALSE,NA,"774583035077484545",NA,"<a href=""http://twitter.com"" rel=""nofollow"">Twitter Web Client</a>","RNTata2000",989,FALSE,FALSE,NA,NA
"36","Grateful for wide support for AVANTI FINANCE. Committed to make affordable and safe finance available to the underserved population.",FALSE,3901,NA,2016-09-01 11:44:19,FALSE,NA,"771312729025941504",NA,"<a href=""http://twitter.com/#!/download/ipad"" rel=""nofollow"">Twitter for iPad</a>","RNTata2000",797,FALSE,FALSE,NA,NA
"37","5/20 Rule and Vested Interests https://t.co/fQRtfEZlbK",FALSE,2624,NA,2016-02-21 05:13:27,FALSE,NA,"701273504625209345",NA,"<a href=""http://twitter.com"" rel=""nofollow"">Twitter Web Client</a>","RNTata2000",1092,FALSE,FALSE,NA,NA
"38","Deeply touched by the kind sentiments &amp; best wishes from well wishers. Thanks so much .",FALSE,3869,NA,2015-12-28 11:43:41,FALSE,NA,"681440380705886208",NA,"<a href=""http://twitter.com/download/iphone"" rel=""nofollow"">Twitter for iPhone</a>","RNTata2000",538,FALSE,FALSE,NA,NA
"39","Felt proud to be with enthusiastic, young entrepreneurs at T-Hub, the new incubator at Hyderabad. I wish them all the best. @KTRTRS",FALSE,2607,NA,2015-11-05 16:24:15,FALSE,NA,"662304430138634240",NA,"<a href=""http://twitter.com/download/iphone"" rel=""nofollow"">Twitter for iPhone</a>","RNTata2000",690,FALSE,FALSE,NA,NA
"40","Good article, well worth reading. 
http://t.co/LOibLgFlSa",FALSE,1613,NA,2015-09-24 21:51:19,FALSE,NA,"647166447333056512",NA,"<a href=""http://twitter.com/download/iphone"" rel=""nofollow"">Twitter for iPhone</a>","RNTata2000",526,FALSE,FALSE,NA,NA
"41","@RNTata2000 RNTata2000",FALSE,682,"RNTata2000",2015-07-27 20:31:19,FALSE,"625711369577304064","625765430917869569","277434037","<a href=""http://twitter.com/download/iphone"" rel=""nofollow"">Twitter for iPhone</a>","RNTata2000",132,FALSE,FALSE,NA,NA
"42","http://t.co/I7t9puOGvv",FALSE,2088,NA,2015-07-27 16:56:30,FALSE,NA,"625711369577304064",NA,"<a href=""http://twitter.com"" rel=""nofollow"">Twitter Web Client</a>","RNTata2000",940,FALSE,FALSE,NA,NA
"43","I congratulate David Cameron on his great victory. I am overjoyed that he will continue to lead the UK to greater heights in the years ahead",FALSE,2076,NA,2015-05-09 08:37:14,FALSE,NA,"596957083876003841",NA,"<a href=""http://twitter.com/#!/download/ipad"" rel=""nofollow"">Twitter for iPad</a>","RNTata2000",521,FALSE,FALSE,NA,NA
"44","Wonderful to see US &amp; India come together in a bond of mutual friendship and trust. Both charismatic leaders deserve great credit and praise",FALSE,3337,NA,2015-01-26 07:21:50,FALSE,NA,"559612158317576193",NA,"<a href=""http://twitter.com/#!/download/ipad"" rel=""nofollow"">Twitter for iPad</a>","RNTata2000",1645,FALSE,FALSE,NA,NA
"45","@RNTata2000  Best wishes for the New Year. Hope it's a great                       year with all your hopes and wishes realised.",FALSE,1255,"RNTata2000",2014-12-31 16:45:02,FALSE,"549241845067157504","550331809112682498","277434037","<a href=""http://twitter.com/download/iphone"" rel=""nofollow"">Twitter for iPhone</a>","RNTata2000",348,FALSE,FALSE,NA,NA
"46","I want to thank those who sent me birthday greetings for their kind words and thoughtfulness.",FALSE,1793,NA,2014-12-30 05:11:37,FALSE,NA,"549794916541272065",NA,"<a href=""http://twitter.com/download/iphone"" rel=""nofollow"">Twitter for iPhone</a>","RNTata2000",310,FALSE,FALSE,NA,NA
"47","My heart goes out to those on board the missing AirAsia flight , their friends and relatives at this difficult time.",FALSE,1938,NA,2014-12-28 16:33:54,FALSE,NA,"549241845067157504",NA,"<a href=""http://twitter.com/download/iphone"" rel=""nofollow"">Twitter for iPhone</a>","RNTata2000",887,FALSE,FALSE,NA,NA
"48","@AfzalkhanpkKhan   Thank you afzalkhan",FALSE,213,"AfzalkhanpkKhan",2014-12-25 14:13:42,FALSE,"548082656231948288","548119397391294464","2933802163","<a href=""http://twitter.com/download/iphone"" rel=""nofollow"">Twitter for iPhone</a>","RNTata2000",30,FALSE,FALSE,NA,NA
"49","My deepest condolences go out to the families of the innocent students in Pakistan who were shot yesterday  in an unforgivable massacre.",FALSE,1253,NA,2014-12-17 12:39:18,FALSE,NA,"545196537253335040",NA,"<a href=""http://twitter.com/#!/download/ipad"" rel=""nofollow"">Twitter for iPad</a>","RNTata2000",496,FALSE,FALSE,NA,NA
"50","I salute the govt for encouraging new airlines to fly in India, so that travellers can reach their destinations faster at affordable prices.",FALSE,1413,NA,2014-12-17 12:27:35,FALSE,NA,"545193587982356480",NA,"<a href=""http://twitter.com/#!/download/ipad"" rel=""nofollow"">Twitter for iPad</a>","RNTata2000",564,FALSE,FALSE,NA,NA
"51","#bringbackourgirls it is time to rescue the #ChibokGirls and bring them home – supporting @GoceanC Commissioner @obyezeks &amp; all her efforts",FALSE,882,NA,2014-10-20 04:50:09,FALSE,NA,"524059974456979456",NA,"<a href=""http://twitter.com"" rel=""nofollow"">Twitter Web Client</a>","RNTata2000",312,FALSE,FALSE,NA,NA
"52","Help us reach 250,000 voices for #highseas #ocean health and protection. Sign and retweet @GOceanC petition! http://t.co/vdvawTBMbG",FALSE,814,NA,2014-09-12 11:02:48,FALSE,NA,"510383016162512896",NA,"<a href=""http://twitter.com"" rel=""nofollow"">Twitter Web Client</a>","RNTata2000",851,FALSE,FALSE,NA,NA
"53","If you care for the #ocean as I do, please click here and sign the @GOceanC petition http://t.co/vdvawTBMbG",FALSE,755,NA,2014-09-10 04:13:15,FALSE,NA,"509555173375504385",NA,"<a href=""http://twitter.com"" rel=""nofollow"">Twitter Web Client</a>","RNTata2000",519,FALSE,FALSE,NA,NA
"54","The #ocean is essential for all life on earth - ­ time to protect it.
Please join me and sign the petition http://t.co/vdvawTBMbG",FALSE,813,NA,2014-09-05 15:37:08,FALSE,NA,"507915342417375233",NA,"<a href=""http://twitter.com"" rel=""nofollow"">Twitter Web Client</a>","RNTata2000",578,FALSE,FALSE,NA,NA
"55","Tks 4 suprt.Nev spoke of ind dev in State-only view fm car in Rajarhat fm airprt 2 Sonar.Mitra's angr needless.C link http://t.co/F7XH3pyNvX",FALSE,996,NA,2014-08-07 12:43:31,FALSE,NA,"497362400064987136",NA,"<a href=""http://twitter.com"" rel=""nofollow"">Twitter Web Client</a>","RNTata2000",691,FALSE,FALSE,NA,NA
"56","The nation voted 4 change. We need 2 stand together 2 support the new Govt's actions  to re-build economic growth and prosperity in India.",FALSE,2078,NA,2014-06-25 10:06:42,FALSE,NA,"481740256082161664",NA,"<a href=""http://twitter.com/download/iphone"" rel=""nofollow"">Twitter for iPhone</a>","RNTata2000",2229,FALSE,FALSE,NA,NA
"57","Mr. Modi's landslide victory echoes the people's mandate for strong leadership and clear policies for growth and prosperity for India.",FALSE,2656,NA,2014-05-19 02:29:26,FALSE,NA,"468216834202689536",NA,"<a href=""http://twitter.com/#!/download/ipad"" rel=""nofollow"">Twitter for iPad</a>","RNTata2000",2965,FALSE,FALSE,NA,NA
"58","Dr.Manmohan Singh demits office this week after 10 yrs. He led with great dignity and displayed high personal values. http://t.co/Yu5QaPlqTQ",FALSE,1622,NA,2014-05-14 12:37:55,FALSE,NA,"466558022081597440",NA,"<a href=""http://twitter.com"" rel=""nofollow"">Twitter Web Client</a>","RNTata2000",1461,FALSE,FALSE,NA,NA
"59","Greatly honored to receive recognition from UK so graciously bestowed by Her Majesty. See link for press statement. http://t.co/V9iB4RBL4p",FALSE,961,NA,2014-04-16 08:15:19,FALSE,NA,"456345076935839745",NA,"<a href=""http://twitter.com"" rel=""nofollow"">Twitter Web Client</a>","RNTata2000",475,FALSE,FALSE,NA,NA
"60","Wishing you all a very happy new year. I hope 2014 brings you everything you wish for, and that yr dreams are fulfilled",FALSE,914,NA,2013-12-31 17:14:33,FALSE,NA,"418067665966481409",NA,"<a href=""http://twitter.com/download/iphone"" rel=""nofollow"">Twitter for iPhone</a>","RNTata2000",412,FALSE,FALSE,NA,NA
"61","I greatly appreciate the kind sentiments and greetings received on my birthday. They mean a lot to me. I wish you all a happy new year.",FALSE,657,NA,2013-12-28 17:44:58,FALSE,NA,"416988156638932992",NA,"<a href=""http://twitter.com/download/iphone"" rel=""nofollow"">Twitter for iPhone</a>","RNTata2000",200,FALSE,FALSE,NA,NA
"62","The world has lost a great leader. Nelson Mandela was the father of a free South Africa where all people had equal rights. He will be missed",FALSE,574,NA,2013-12-06 02:47:02,FALSE,NA,"408789651777155072",NA,"<a href=""http://twitter.com/#!/download/ipad"" rel=""nofollow"">Twitter for iPad</a>","RNTata2000",496,FALSE,FALSE,NA,NA
"63","We overlook importance of oceans on our planet. We must preserve this essential resource. Go to http://t.co/5Uo85X4UfH and make yr comments.",FALSE,432,NA,2013-11-28 10:34:25,FALSE,NA,"406008169983258624",NA,"<a href=""http://twitter.com"" rel=""nofollow"">Twitter Web Client</a>","RNTata2000",258,FALSE,FALSE,NA,NA
"64","Great to see the genuine public adoration for Sacin Tendulkar. He has truly made us all proud. He has achieved so much with such humility.",FALSE,893,NA,2013-11-16 15:35:09,FALSE,NA,"401735199005745154",NA,"<a href=""http://twitter.com/#!/download/ipad"" rel=""nofollow"">Twitter for iPad</a>","RNTata2000",986,FALSE,FALSE,NA,NA
"65","Was Inducted today into the National Academy of Engineering. This has been a great moment for me! 

https://t.co/8qOt3hummo",FALSE,397,NA,2013-10-07 02:34:55,FALSE,NA,"387043329558732800",NA,"<a href=""http://twitter.com/#!/download/ipad"" rel=""nofollow"">Twitter for iPad</a>","RNTata2000",171,FALSE,FALSE,NA,NA
"66","@threedprintindi @google this would be of interest to me. Pl indicate a best way contact with a view to know more of what you are doing.",FALSE,75,"threedprintindi",2013-10-06 02:45:03,FALSE,"386161835939876864","386683493977444352","1605925837","<a href=""http://twitter.com/#!/download/ipad"" rel=""nofollow"">Twitter for iPad</a>","RNTata2000",15,FALSE,FALSE,NA,NA
"67","@VimalPandya1 thank you so much for the image of the Nano in Myanmar. It has made my day!",FALSE,104,"VimalPandya1",2013-10-05 00:34:28,FALSE,"385997926029209600","386288244234932224","323640618","<a href=""http://twitter.com/#!/download/ipad"" rel=""nofollow"">Twitter for iPad</a>","RNTata2000",15,FALSE,FALSE,NA,NA
"68","Feel proud to see so many young Indians making their contribution @Google. Lovely place to work! http://t.co/SbQhkzGudG",FALSE,778,NA,2013-10-04 04:48:28,FALSE,NA,"385989777440247808",NA,"<a href=""http://twitter.com/#!/download/ipad"" rel=""nofollow"">Twitter for iPad</a>","RNTata2000",375,FALSE,FALSE,NA,NA
"69","Visited Google HQ today - A terrific company, great innovation &amp; inspiring leadership. Hope India can create a ""Google environment"" one day!",FALSE,591,NA,2013-10-04 04:37:34,FALSE,NA,"385987034449313792",NA,"<a href=""http://twitter.com/#!/download/ipad"" rel=""nofollow"">Twitter for iPad</a>","RNTata2000",657,FALSE,FALSE,NA,NA
"70","@drachintya , pl  write me at Elphinston Bldg, 3fl., Horniman Circle, Mumbai. Will try to help yr son.
RNT",FALSE,85,"drachintya",2013-09-22 15:22:15,FALSE,"380623173076541440","381800617699594241","393432489","<a href=""http://twitter.com/#!/download/ipad"" rel=""nofollow"">Twitter for iPad</a>","RNTata2000",13,FALSE,FALSE,NA,NA
"71","@DharmilB Will certainly try to do so one day.",FALSE,67,"DharmilB",2013-09-11 17:45:04,FALSE,"377847817051832321","377850294362976256","32722618","<a href=""http://twitter.com/#!/download/ipad"" rel=""nofollow"">Twitter for iPad</a>","RNTata2000",9,FALSE,FALSE,NA,NA
"72","I compliment Dr. Chandy and all his colleagues for their dedication to treat the patients at the Tata Medical Centre.",FALSE,317,NA,2013-09-11 17:29:45,FALSE,NA,"377846436194697216",NA,"<a href=""http://twitter.com/#!/download/ipad"" rel=""nofollow"">Twitter for iPad</a>","RNTata2000",126,FALSE,FALSE,NA,NA
"73","The Tata Medical Centre in Kolkata now fully occupied, filled mainly with children suffering from Leukemia. Hope we can save many lives.",FALSE,421,NA,2013-09-11 17:24:47,FALSE,NA,"377845186824790016",NA,"<a href=""http://twitter.com/#!/download/ipad"" rel=""nofollow"">Twitter for iPad</a>","RNTata2000",351,FALSE,FALSE,NA,NA
"74","Thank you all for your caring and thoughtful messages .",FALSE,324,NA,2013-07-13 04:07:37,FALSE,NA,"355901301902671873",NA,"<a href=""http://twitter.com/#!/download/ipad"" rel=""nofollow"">Twitter for iPad</a>","RNTata2000",76,FALSE,FALSE,NA,NA
"75","My good friend Dr Amar Bose passed away today. He was respected for his sharp mind and for his humility. The world has lost a great leader.",FALSE,320,NA,2013-07-13 03:47:38,FALSE,NA,"355896273481637888",NA,"<a href=""http://twitter.com/#!/download/ipad"" rel=""nofollow"">Twitter for iPad</a>","RNTata2000",300,FALSE,FALSE,NA,NA
"76","Delighted with fantastic response to AirAsia hiring of flight attendants. Great opportunity for young Indians. Makes me feel very proud.",FALSE,413,NA,2013-04-14 06:15:26,FALSE,NA,"323318562594897920",NA,"<a href=""http://twitter.com/#!/download/ipad"" rel=""nofollow"">Twitter for iPad</a>","RNTata2000",294,FALSE,FALSE,NA,NA
"77","FIPB approval of the airline project between Tatas, Air Asia and Bhatias (cont) http://t.co/yKki64lDPm",FALSE,306,NA,2013-03-06 14:09:36,FALSE,NA,"309304760442421249",NA,"<a href=""http://beta.twitlonger.com"" rel=""nofollow"">TwitLonger Beta</a>","RNTata2000",233,FALSE,FALSE,NA,NA
"78","At the Geneva Motor show - my first after retirement. It is wonderful to meet many close friends again and view all the new cars.",FALSE,336,NA,2013-03-05 13:04:39,FALSE,NA,"308926026929561601",NA,"<a href=""http://twitter.com/download/iphone"" rel=""nofollow"">Twitter for iPhone</a>","RNTata2000",116,FALSE,FALSE,NA,NA
"79","Life after retirement http://t.co/aJoRlP1u",FALSE,921,NA,2013-01-26 13:41:33,FALSE,NA,"295164576130019329",NA,"<a href=""http://twitter.com"" rel=""nofollow"">Twitter Web Client</a>","RNTata2000",847,FALSE,FALSE,NA,NA
"80","Saying Farewell http://t.co/AL8xScL5",FALSE,625,NA,2012-12-28 13:12:28,FALSE,NA,"284648010657456128",NA,"<a href=""http://twitpic.com"" rel=""nofollow"">Twitpic</a>","RNTata2000",853,FALSE,FALSE,NA,NA
"81","My deepest appreciation and thanks for the thoughtful messages for my birthday. I am so deeply touched by the kind sentiments expressed.",FALSE,427,NA,2012-12-28 12:32:08,FALSE,NA,"284637859481264128",NA,"<a href=""https://mobile.twitter.com"" rel=""nofollow"">Twitter Web App</a>","RNTata2000",305,FALSE,FALSE,NA,NA
"82","Most people don't recognise the tremendous potential in Saudi Arabia. It is truly a vibrant business environment with impressive people.",FALSE,291,NA,2012-12-11 21:00:48,FALSE,NA,"278605273491456000",NA,"<a href=""http://twitter.com/#!/download/ipad"" rel=""nofollow"">Twitter for iPad</a>","RNTata2000",173,FALSE,FALSE,NA,NA
"83","A great day! Tatas / JLR signed an agreement to produce Land Rovers in Saudi Arabia. It is the first intl car co. to do this.",FALSE,316,NA,2012-12-11 16:42:15,FALSE,NA,"278540209728131072",NA,"<a href=""http://twitter.com/#!/download/ipad"" rel=""nofollow"">Twitter for iPad</a>","RNTata2000",346,FALSE,FALSE,NA,NA
"84","@julyderek I agree. Such attacks are well planned. Defense measures need to be elaborate to provide real deterrent against future attacks.",FALSE,43,"julyderek",2012-11-26 07:35:13,FALSE,"272965105682100224","272966724993839104","20033906","<a href=""http://twitter.com/#!/download/ipad"" rel=""nofollow"">Twitter for iPad</a>","RNTata2000",8,FALSE,FALSE,NA,NA
"85","Today is the anniversary of the terrorist attack on Mumbai 4 yrs ago. My sympathies go out all those who were affected by the attack.",FALSE,306,NA,2012-11-26 07:22:17,FALSE,NA,"272963469903527936",NA,"<a href=""http://twitter.com/#!/download/ipad"" rel=""nofollow"">Twitter for iPad</a>","RNTata2000",338,FALSE,FALSE,NA,NA
"86","Sorry to know of the sad passing away of Mr. Yash Chopra, who has left his mark on Indian films- a gr8 professional and a very warm person.",FALSE,235,NA,2012-10-21 21:37:14,FALSE,NA,"260132664399511552",NA,"<a href=""http://twitter.com/#!/download/ipad"" rel=""nofollow"">Twitter for iPad</a>","RNTata2000",132,FALSE,FALSE,NA,NA
"87","http://t.co/oyfCzR0J",FALSE,317,NA,2012-10-18 05:16:46,FALSE,NA,"258798756949020672",NA,"<a href=""http://www.long-tweets.com/"" rel=""nofollow"">Long-tweets</a>","RNTata2000",296,FALSE,FALSE,NA,NA
"88","Corruption should be fought but I hope it will not be driven by rivalry. The law should apply to all equally, not selectively.",FALSE,444,NA,2012-10-12 22:16:16,FALSE,NA,"256880996161564672",NA,"<a href=""http://twitter.com/#!/download/ipad"" rel=""nofollow"">Twitter for iPad</a>","RNTata2000",766,FALSE,FALSE,NA,NA
"89","@GADIANIKHIL Difficult to name ""best car"". Have driven many which impressed me. TML working hard to produce higher-end cars.",FALSE,44,"GADIANIKHIL",2012-09-27 18:53:02,FALSE,"251392641290342400","251394031391756289","134515573","<a href=""http://twitter.com/#!/download/ipad"" rel=""nofollow"">Twitter for iPad</a>","RNTata2000",16,FALSE,FALSE,NA,NA
"90","A Gr8 day for friends Ralf Speth, Ian Cullam, Gerry McGovern and the team at JLR. Proud of their spirit &amp; excitement. My thanks to all.",FALSE,181,NA,2012-09-27 18:47:26,FALSE,NA,"251392622374047744",NA,"<a href=""http://twitter.com/#!/download/ipad"" rel=""nofollow"">Twitter for iPad</a>","RNTata2000",39,FALSE,FALSE,NA,NA
"91","Memorable day today. Launch of Jaguar's new F-type sports car and new Range Rover. Gr8 +ve response. Gr8 sense of pride for all at JLR!",FALSE,231,NA,2012-09-27 18:41:03,FALSE,NA,"251391014131073024",NA,"<a href=""http://twitter.com/#!/download/ipad"" rel=""nofollow"">Twitter for iPad</a>","RNTata2000",184,FALSE,FALSE,NA,NA
"92","@sunachyya E Mail is rntata@tata.com",FALSE,126,"sunnyachar",2012-03-14 17:19:19,FALSE,"179826843468316672","179980038517690368","124125452","<a href=""http://twitter.com/#!/download/ipad"" rel=""nofollow"">Twitter for iPad</a>","RNTata2000",29,FALSE,FALSE,NA,NA
"93","Thank you all for the thoughtful responses. The consistency is overwhelming. We must try to do something meaningful.",FALSE,170,NA,2012-03-13 04:59:01,FALSE,NA,"179431346157006848",NA,"<a href=""http://twitter.com"" rel=""nofollow"">Twitter Web Client</a>","RNTata2000",37,FALSE,FALSE,NA,NA
"94","What should we do to make India a land of equal opportunity for all, free of prejudice and discrimination?",FALSE,199,NA,2012-03-11 17:29:13,FALSE,NA,"178895365553135617",NA,"<a href=""http://twitter.com/#!/download/ipad"" rel=""nofollow"">Twitter for iPad</a>","RNTata2000",142,FALSE,FALSE,NA,NA
"95","@prabhakarbhatt9 Tata Motors is an Indian company with operations and assets overseas. Hope we could keep the Indian flag flying high.",FALSE,163,"prabhakarbhatt9",2012-03-10 16:53:23,FALSE,"178521875863961601","178523960902819841","294374354","<a href=""http://twitter.com/#!/download/ipad"" rel=""nofollow"">Twitter for iPad</a>","RNTata2000",27,FALSE,FALSE,NA,NA
"96","@PrakashSwamy Really appreciate your support. PS and diesel variants of the Nano are in our future plans.",FALSE,132,"PrakashSwamy",2012-03-10 16:50:50,FALSE,"177790026476826624","178523318855540736","320229143","<a href=""http://twitter.com/#!/download/ipad"" rel=""nofollow"">Twitter for iPad</a>","RNTata2000",12,FALSE,FALSE,NA,NA
"97","@i_cool_tata Dear Mr. Sharma, sorry to hear that your father is hospitalised. I wish him a speedy recovery.",FALSE,141,"i_donald_stein",2012-03-10 16:44:37,FALSE,"174887988868825089","178521752895361024","79475854","<a href=""http://twitter.com/#!/download/ipad"" rel=""nofollow"">Twitter for iPad</a>","RNTata2000",10,FALSE,FALSE,NA,NA
"98","It was good to be at the Geneva Motor Show where we displayed our new Mega Pixel concept car. I am delighted to be home again.",FALSE,179,NA,2012-03-10 16:35:43,FALSE,NA,"178519514722480128",NA,"<a href=""http://twitter.com/#!/download/ipad"" rel=""nofollow"">Twitter for iPad</a>","RNTata2000",71,FALSE,FALSE,NA,NA
"99","My apologies for the long silence. There were requests for picture of my German Shepherds,which I am pleased to attach. http://t.co/rPZ5Xj13",FALSE,1710,NA,2012-02-20 05:34:22,FALSE,NA,"171467704849530881",NA,"<a href=""http://twitter.com"" rel=""nofollow"">Twitter Web Client</a>","RNTata2000",265,FALSE,FALSE,NA,NA
"100","@sidpatankar Yes - absolutely true Siddarth. Dogs total loyalty is unequal and should be wholly reciprocated.",FALSE,163,"sidpatankar",2012-01-20 22:18:51,FALSE,"159699077083316224","160486471172763648","58170833","<a href=""http://twitter.com/#!/download/ipad"" rel=""nofollow"">Twitter for iPad</a>","RNTata2000",31,FALSE,FALSE,NA,NA
"101","@Pprbti",FALSE,130,"UtopUpadhriti",2012-01-18 18:39:52,FALSE,NA,"159706587223687168","435017610","<a href=""http://blackberry.com/twitter"" rel=""nofollow"">Twitter for BlackBerry®</a>","RNTata2000",11,FALSE,FALSE,NA,NA
"102","@TheUnRealTimes Yes I wish they were!!",FALSE,124,"TheUnRealTimes",2012-01-18 17:04:25,FALSE,"159677207642509314","159682569162592257","292765961","<a href=""http://twitter.com/#!/download/ipad"" rel=""nofollow"">Twitter for iPad</a>","RNTata2000",12,FALSE,FALSE,NA,NA
"103","@followdonz Tito is a 5 yr old German Shepherd.",FALSE,125,"followdonz",2012-01-18 17:01:30,FALSE,"159678217584779265","159681833267761152","40255273","<a href=""http://twitter.com/#!/download/ipad"" rel=""nofollow"">Twitter for iPad</a>","RNTata2000",10,FALSE,FALSE,NA,NA
"104","@Pprbti thanks so much",FALSE,123,"UtopUpadhriti",2012-01-18 16:59:52,FALSE,"159678862266085376","159681420435013633","435017610","<a href=""http://twitter.com/#!/download/ipad"" rel=""nofollow"">Twitter for iPad</a>","RNTata2000",9,FALSE,FALSE,NA,NA
"105","Tito and Tango seek nothing in return for their affection other than love and attention. I miss them terribly when I am away.",FALSE,176,NA,2012-01-18 16:41:51,FALSE,NA,"159676889080930304",NA,"<a href=""http://twitter.com/#!/download/ipad"" rel=""nofollow"">Twitter for iPad</a>","RNTata2000",35,FALSE,FALSE,NA,NA
"106","My dogs Tito and Tango make it so enjoyable to come home each evening. They wait for me and give me their undivided affection.",FALSE,184,NA,2012-01-18 16:38:25,FALSE,NA,"159676025142382592",NA,"<a href=""http://twitter.com/#!/download/ipad"" rel=""nofollow"">Twitter for iPad</a>","RNTata2000",56,FALSE,FALSE,NA,NA
"107","The New Year will be dawning in a few days. The next decade can be the decade of the youth of India - their voice, their .. (1/7)",FALSE,241,NA,2011-12-23 11:09:45,FALSE,NA,"150171227896553472",NA,"<a href=""https://280.talltweets.com/"" rel=""nofollow"">Tall Tweets</a>","RNTata2000",174,FALSE,FALSE,NA,NA
"108","..vigor and their energy could have a profound impact on the shape of the India of tomorrow. One hopes the country will be .. (2/7)",FALSE,162,NA,2011-12-23 11:09:45,FALSE,NA,"150171226973802496",NA,"<a href=""https://280.talltweets.com/"" rel=""nofollow"">Tall Tweets</a>","RNTata2000",98,FALSE,FALSE,NA,NA
"109","..driven by meritocracy, while being sensitive to the needs of the less privileged, and truly become a nation of equal .. (3/7)",FALSE,151,NA,2011-12-23 11:09:44,FALSE,NA,"150171225950392320",NA,"<a href=""https://280.talltweets.com/"" rel=""nofollow"">Tall Tweets</a>","RNTata2000",96,FALSE,FALSE,NA,NA
"110","..opportunity for all. The youth of today will need to recognize that they shoulder a great responsibility. They will need to .. (4/7)",FALSE,180,NA,2011-12-23 11:09:44,FALSE,NA,"150171224352366594",NA,"<a href=""https://280.talltweets.com/"" rel=""nofollow"">Tall Tweets</a>","RNTata2000",115,FALSE,FALSE,NA,NA
"111","..fight for rooting out corruption, for ensuring that no one is above the law, and uniting the citizens of India as ""Indians .. (5/7)",FALSE,175,NA,2011-12-23 11:09:43,FALSE,NA,"150171221848363008",NA,"<a href=""https://280.talltweets.com/"" rel=""nofollow"">Tall Tweets</a>","RNTata2000",144,FALSE,FALSE,NA,NA
"112","..first"" instead of communal or geographic factions. They will need to strive for excellence while personally upholding high .. (6/7)",FALSE,154,NA,2011-12-23 11:09:43,FALSE,NA,"150171220619440128",NA,"<a href=""https://280.talltweets.com/"" rel=""nofollow"">Tall Tweets</a>","RNTata2000",93,FALSE,FALSE,NA,NA
"113","..ethical standards and values. I wish our young people all the very best for the New Year.  (7/7)",FALSE,162,NA,2011-12-23 11:09:43,FALSE,NA,"150171219214352387",NA,"<a href=""https://280.talltweets.com/"" rel=""nofollow"">Tall Tweets</a>","RNTata2000",108,FALSE,FALSE,NA,NA
"114","@NayaJivan how can I help?",FALSE,119,"NayaJivan",2011-12-21 03:48:02,FALSE,"149165973809799168","149335290870382592","16170100","<a href=""http://blackberry.com/twitter"" rel=""nofollow"">Twitter for BlackBerry®</a>","RNTata2000",17,FALSE,FALSE,NA,NA
"115","@aregeepee - The star of Kolaveri di!",FALSE,114,"aregeepee",2011-12-20 12:37:11,FALSE,"149105880418353152","149106067748564992","75488981","<a href=""http://twitter.com"" rel=""nofollow"">Twitter Web Client</a>","RNTata2000",20,FALSE,FALSE,NA,NA
"116","Had a wonderful and refreshing meeting with Dhanush. He has unleashed the power of communicating unconventionally with the masses.",FALSE,185,NA,2011-12-20 12:35:20,FALSE,NA,"149105600763146240",NA,"<a href=""http://twitter.com"" rel=""nofollow"">Twitter Web Client</a>","RNTata2000",250,FALSE,FALSE,NA,NA
"117","The swift and firm action of the Chief Minister is commendable. The heroic actions by the 3 deceased staff members also needs recognition.",FALSE,152,NA,2011-12-10 21:33:52,FALSE,NA,"145617249644974080",NA,"<a href=""http://twitter.com/#!/download/ipad"" rel=""nofollow"">Twitter for iPad</a>","RNTata2000",73,FALSE,FALSE,NA,NA
"118","My sympathies go out to the families of patients and the three staff members that have lost their lives in an attempt to rescuing patients.",FALSE,135,NA,2011-12-10 21:27:55,FALSE,NA,"145615753104732160",NA,"<a href=""http://twitter.com/#!/download/ipad"" rel=""nofollow"">Twitter for iPad</a>","RNTata2000",37,FALSE,FALSE,NA,NA
"119","Doctors and attendants allegedly leaving patients to die unattended in these circumstances is unbelievable and deserves condemnation.",FALSE,129,NA,2011-12-10 21:23:44,FALSE,NA,"145614701802426369",NA,"<a href=""http://twitter.com/#!/download/ipad"" rel=""nofollow"">Twitter for iPad</a>","RNTata2000",37,FALSE,FALSE,NA,NA
"120","Every doctor and staff member should be primarily concerned with the well being of patients with a responsibility for caring treatment.",FALSE,140,NA,2011-12-10 21:20:00,FALSE,NA,"145613760193769472",NA,"<a href=""http://twitter.com/#!/download/ipad"" rel=""nofollow"">Twitter for iPad</a>","RNTata2000",42,FALSE,FALSE,NA,NA
"121","All hospitals' primary mandate should be to save the lives of patients, and should not be driven by making extraordinary profits.",FALSE,136,NA,2011-12-10 21:16:53,FALSE,NA,"145612978039959552",NA,"<a href=""http://twitter.com/#!/download/ipad"" rel=""nofollow"">Twitter for iPad</a>","RNTata2000",69,FALSE,FALSE,NA,NA
"122","The recent events in the hospital in Kolkata, resulting in the deaths of several patients is deplorable and inexcusable.",FALSE,125,NA,2011-12-10 21:12:45,FALSE,NA,"145611935889637376",NA,"<a href=""http://twitter.com/#!/download/ipad"" rel=""nofollow"">Twitter for iPad</a>","RNTata2000",32,FALSE,FALSE,NA,NA
"123","We should provide the motivation and the opportunity for these successful people to make their rightful contribution with due recognition.",FALSE,157,NA,2011-12-07 23:09:20,FALSE,NA,"144554111587725313",NA,"<a href=""http://twitter.com/#!/download/ipad"" rel=""nofollow"">Twitter for iPad</a>","RNTata2000",38,FALSE,FALSE,NA,NA
"124","Many of them want to give back to India their expertise and knowledge. Doctors, scientists and technologists are our greatest ambassadors.",FALSE,149,NA,2011-12-07 23:07:45,FALSE,NA,"144553712579391488",NA,"<a href=""http://twitter.com/#!/download/ipad"" rel=""nofollow"">Twitter for iPad</a>","RNTata2000",44,FALSE,FALSE,NA,NA
"125","I visited the new hospital at UCLA and feel proud to see many young Indian doctors in significant positions.",FALSE,140,NA,2011-12-07 23:06:01,FALSE,NA,"144553275251900416",NA,"<a href=""http://twitter.com/#!/download/ipad"" rel=""nofollow"">Twitter for iPad</a>","RNTata2000",30,FALSE,FALSE,NA,NA
"126","Political differences and vested interests should never be allowed to stand in the way of India's economic progress.",FALSE,186,NA,2011-12-01 03:40:24,FALSE,NA,"142085611216584704",NA,"<a href=""http://twitter.com/#!/download/ipad"" rel=""nofollow"">Twitter for iPad</a>","RNTata2000",160,FALSE,FALSE,NA,NA
"127","It would be a question of national pride for every Indian to rebuild the past glory and reestablish the country's economic leadership.",FALSE,157,NA,2011-12-01 03:36:26,FALSE,NA,"142084612984803328",NA,"<a href=""http://twitter.com/#!/download/ipad"" rel=""nofollow"">Twitter for iPad</a>","RNTata2000",79,FALSE,FALSE,NA,NA
"128","We should never let the extraordinary momentum achieved or the global visibility we had diminish.",FALSE,126,NA,2011-12-01 03:34:07,FALSE,NA,"142084029502595074",NA,"<a href=""http://twitter.com/#!/download/ipad"" rel=""nofollow"">Twitter for iPad</a>","RNTata2000",34,FALSE,FALSE,NA,NA
"129","India's growth rate has dropped to 6.9%. The manufacturing growth dropped to 2.7% -  a two year low!",FALSE,125,NA,2011-12-01 03:30:29,FALSE,NA,"142083115559563264",NA,"<a href=""http://twitter.com/#!/download/ipad"" rel=""nofollow"">Twitter for iPad</a>","RNTata2000",56,FALSE,FALSE,NA,NA
"130","Forces thought they would knock us down but instead they created a city of heroes.",FALSE,149,NA,2011-11-26 15:02:43,FALSE,NA,"140445383523434496",NA,"<a href=""http://twitter.com/#!/download/ipad"" rel=""nofollow"">Twitter for iPad</a>","RNTata2000",89,FALSE,FALSE,NA,NA
"131","We should all find our private space to recall the events of 26/11/2008.",FALSE,128,NA,2011-11-26 15:01:46,FALSE,NA,"140445145165336576",NA,"<a href=""http://twitter.com/#!/download/ipad"" rel=""nofollow"">Twitter for iPad</a>","RNTata2000",41,FALSE,FALSE,NA,NA
"132","As I go home at the end of this momentous week, I will fondly remember all the good wishes and kind sentiments expressed by so many.",FALSE,138,NA,2011-11-25 11:29:37,FALSE,NA,"140029365948907520",NA,"<a href=""http://twitter.com"" rel=""nofollow"">Twitter Web Client</a>","RNTata2000",69,FALSE,FALSE,NA,NA
"133","I look forward to my retirement while I am still active and pursue many interests that I enjoy but have not had time to undertake.",FALSE,147,NA,2011-11-24 09:36:17,FALSE,NA,"139638458430926848",NA,"<a href=""http://twitter.com"" rel=""nofollow"">Twitter Web Client</a>","RNTata2000",53,FALSE,FALSE,NA,NA
"134","I am very pleased and committed to achieve a smooth and seamless transition to my successor. Cyrus is a very good choice for the job.",FALSE,132,NA,2011-11-24 09:32:54,FALSE,NA,"139637605879910401",NA,"<a href=""http://twitter.com"" rel=""nofollow"">Twitter Web Client</a>","RNTata2000",38,FALSE,FALSE,NA,NA
"135","Finding a worthwhile successor has been an important milestone and this milestone was achieved yesterday.",FALSE,127,NA,2011-11-24 09:30:49,FALSE,NA,"139637083345133569",NA,"<a href=""http://twitter.com"" rel=""nofollow"">Twitter Web Client</a>","RNTata2000",25,FALSE,FALSE,NA,NA
"136","I have been with the Tata Group since 1962. The years have been exciting and interesting.",FALSE,148,NA,2011-11-24 09:28:59,FALSE,NA,"139636621485146112",NA,"<a href=""http://twitter.com"" rel=""nofollow"">Twitter Web Client</a>","RNTata2000",26,FALSE,FALSE,NA,NA
"137","Enjoyed meeting the students of UH hotel school. Impressed by their intelligence and great spirit. I wish all of them all the very best.",FALSE,121,NA,2011-10-21 13:48:38,FALSE,NA,"127380777263579136",NA,"<a href=""http://twitter.com/#!/download/ipad"" rel=""nofollow"">Twitter for iPad</a>","RNTata2000",12,FALSE,FALSE,NA,NA
"138","Privileged to meet the vibrant Indian community in Houston. Great entrepreneurs who have made their mark on Houston.",FALSE,123,NA,2011-10-21 13:43:39,FALSE,NA,"127379524328501248",NA,"<a href=""http://twitter.com/#!/download/ipad"" rel=""nofollow"">Twitter for iPad</a>","RNTata2000",12,FALSE,FALSE,NA,NA
"139","Most impressed by Renu Khator, President of University of Houston. Makes all Indians proud.",FALSE,139,NA,2011-10-21 13:40:33,FALSE,NA,"127378743781105664",NA,"<a href=""http://twitter.com/#!/download/ipad"" rel=""nofollow"">Twitter for iPad</a>","RNTata2000",16,FALSE,FALSE,NA,NA
"140","His creativity and innovation has changed the way we live. He will be deeply mourned and greatly missed.",FALSE,154,NA,2011-10-06 03:19:22,FALSE,NA,"121786599099998208",NA,"<a href=""http://twitter.com/#!/download/ipad"" rel=""nofollow"">Twitter for iPad</a>","RNTata2000",20,FALSE,FALSE,NA,NA
"141","Steve Jobs has been one of the greatest icons of the Modern Age. His untimely death is a huge loss to us all.",FALSE,231,NA,2011-10-06 03:18:22,FALSE,NA,"121786347106222080",NA,"<a href=""http://twitter.com/#!/download/ipad"" rel=""nofollow"">Twitter for iPad</a>","RNTata2000",51,FALSE,FALSE,NA,NA
